[{"image":"h5IRNdPUDvHP1cCt5FUT.JPG","tags":["tiger","animal","zoo"]},{"image":"GS2bAbhTUalVrQfcQKNb.png","tags":["abc","def","hij"]},{"image":"GCXwGkBtd9PULrp0Qz7Q.jpg","tags":["panda","cute","animal"]},{"image":"jDZqvHp1NFpMi3h9FGQq.jpg","tags":["Ferrari"," GTE"," car"]},{"image":"Bk2vKokQJ4ukgF9tnpT6.jpg","tags":["Black"," Hole"," Universe"]},{"image":"JUoMOrGrj5s3hneKAdhR.jpg","tags":["Ferrari"," 512"," TR"]},{"image":"bIFphHI10ldeB0kyGBb5.jpg","tags":["MAN"," Soflusa"," Lagos"]},{"image":"kIC2jTdqN3lv9OYP1YO1.jpg","tags":["Ferrari","812","Superfast"]}]